Block,Strain,Treatment.ID,Temperature,Plate.ID,Worm,Death.Date,Cause ,D1,Age ,Event,Exp,Inf
1,SKN,ev,15,1,1,30-May,M,25-May,5,1,0,0
1,SKN,ev,15,1,2,31-May,M,25-May,6,1,0,0
1,SKN,ev,15,1,3,31-May,M,25-May,6,1,0,0
1,SKN,ev,15,1,4,01-Jun,M,25-May,7,1,0,0
1,SKN,ev,15,1,5,01-Jun,M,25-May,7,1,0,0
1,SKN,ev,15,1,6,01-Jun,M,25-May,7,1,0,0
1,SKN,ev,15,1,7,06-Jun,D,25-May,12,1,0,0
1,SKN,ev,15,1,8,08-Jun,D,25-May,14,1,0,0
1,SKN,ev,15,1,9,14-Jun,D,25-May,20,1,0,0
1,N2,ev,15,2,1,05-Jun,E,25-May,11,0,1,0
1,N2,ev,15,2,2,07-Jun,M,25-May,13,1,0,0
1,N2,ev,15,2,3,10-Jun,E,25-May,16,0,1,0
1,N2,ev,15,2,4,16-Jun,D,25-May,22,1,0,0
1,N2,ev,15,2,5,23-Jun,D,25-May,29,1,0,0
1,N2,ev,15,2,6,25-Jun,D,25-May,31,1,0,0
1,N2,daf,15,3,1,08-Jun,E,25-May,14,0,1,0
1,N2,daf,15,3,2,08-Jun,E,25-May,14,0,1,0
1,N2,daf,15,3,3,09-Jun,D,25-May,15,1,0,0
1,N2,daf,15,3,4,10-Jun,E,25-May,16,0,1,0
1,N2,daf,15,3,5,11-Jun,E,25-May,17,0,1,0
1,N2,daf,15,3,6,17-Jun,E,25-May,23,0,1,0
1,N2,daf,15,3,7,24-Jun,E,25-May,30,0,1,0
1,N2,daf,15,3,8,29-Jun,D,25-May,35,1,0,0
1,N2,daf,15,3,9,02-Jul,D,25-May,38,1,0,0
1,SKN,daf,15,4,1,30-May,W,25-May,5,0,0,0
1,SKN,daf,15,4,2,01-Jun,M,25-May,7,1,0,0
1,SKN,daf,15,4,3,01-Jun,M,25-May,7,1,0,0
1,SKN,daf,15,4,4,08-Jun,D,25-May,14,1,0,0
1,SKN,daf,15,4,5,10-Jun,D,25-May,16,1,0,0
1,SKN,daf,15,4,6,11-Jun,E,25-May,17,0,1,0
1,SKN,daf,15,4,7,20-Jun,D,25-May,26,1,0,0
1,SKN,daf,15,4,8,20-Jun,D,25-May,26,1,0,0
1,SKN,daf,15,4,9,21-Jun,D,25-May,27,1,0,0
1,SKN,daf,15,4,10,23-Jun,D,25-May,29,1,0,0
1,SKN,daf,15F,5,1,01-Jun,M,26-May,6,1,0,0
1,SKN,daf,15F,5,2,01-Jun,M,26-May,6,1,0,0
1,SKN,daf,15F,5,3,10-Jun,D,26-May,15,1,0,0
1,SKN,daf,15F,5,4,12-Jun,E,26-May,17,0,1,0
1,SKN,daf,15F,5,5,14-Jun,D,26-May,19,1,0,0
1,SKN,daf,15F,5,6,19-Jun,D,26-May,24,1,0,0
1,SKN,daf,15F,5,7,21-Jun,D,26-May,26,1,0,0
1,SKN,daf,15F,5,8,24-Jun,D,26-May,29,1,0,0
1,SKN,ev,15,6,1,01-Jun,M,25-May,7,1,0,0
1,SKN,ev,15,6,2,01-Jun,M,25-May,7,1,0,0
1,SKN,ev,15,6,3,09-Jun,D,25-May,15,1,0,0
1,SKN,ev,15,6,4,10-Jun,D,25-May,16,1,0,0
1,SKN,ev,15,6,5,12-Jun,D,25-May,18,1,0,0
1,SKN,ev,15,6,6,13-Jun,D,25-May,19,1,0,0
1,SKN,ev,15,6,7,13-Jun,D,25-May,19,1,0,0
1,SKN,ev,15,6,8,16-Jun,D,25-May,22,1,0,0
1,SKN,ev,15,6,9,17-Jun,D,25-May,23,1,0,0
1,N2,ev,15,7,1,30-May,M,25-May,5,1,0,0
1,N2,ev,15,7,2,08-Jun,E,25-May,14,0,1,0
1,N2,ev,15,7,3,08-Jun,E,25-May,14,0,1,0
1,N2,ev,15,7,4,09-Jun,D,25-May,15,1,0,0
1,N2,ev,15,7,5,12-Jun,D,25-May,18,1,0,0
1,N2,ev,15,7,6,16-Jun,D,25-May,22,1,0,0
1,N2,ev,15,7,7,16-Jun,D,25-May,22,1,0,0
1,N2,ev,15,7,8,16-Jun,D,25-May,22,1,0,0
1,N2,ev,15,7,9,23-Jun,D,25-May,29,1,0,0
1,N2,ev,15,7,10,26-Jun,D,25-May,32,1,0,0
1,SKN,daf,15F,8,1,01-Jun,M,26-May,6,1,0,0
1,SKN,daf,15F,8,2,04-Jun,M,26-May,9,1,0,0
1,SKN,daf,15F,8,3,05-Jun,E,26-May,10,0,1,0
1,SKN,daf,15F,8,4,10-Jun,E,26-May,15,0,1,0
1,SKN,daf,15F,8,5,12-Jun,E,26-May,17,0,1,0
1,SKN,daf,15F,8,6,16-Jun,D,26-May,21,1,0,0
1,SKN,daf,15F,8,7,16-Jun,D,26-May,21,1,0,0
1,SKN,daf,15F,8,8,18-Jun,D,26-May,23,1,0,0
1,SKN,daf,15F,8,9,20-Jun,D,26-May,25,1,0,0
1,SKN,daf,15F,9,1,03-Jun,M,26-May,8,1,0,0
1,SKN,daf,15F,9,2,06-Jun,D,26-May,11,1,0,0
1,SKN,daf,15F,9,3,08-Jun,D,26-May,13,1,0,0
1,SKN,daf,15F,9,4,09-Jun,E,26-May,14,0,1,0
1,SKN,daf,15F,9,5,13-Jun,E,26-May,18,0,1,0
1,SKN,daf,15F,9,6,16-Jun,D,26-May,21,1,0,0
1,SKN,daf,15F,9,7,18-Jun,D,26-May,23,1,0,0
1,SKN,daf,15F,9,8,19-Jun,D,26-May,24,1,0,0
1,N2,daf,15,10,1,08-Jun,E,25-May,14,0,1,0
1,N2,daf,15,10,2,09-Jun,E,25-May,15,0,1,0
1,N2,daf,15,10,3,09-Jun,E,25-May,15,0,1,0
1,N2,daf,15,10,4,12-Jun,E,25-May,18,0,1,0
1,N2,daf,15,10,5,12-Jun,E,25-May,18,0,1,0
1,N2,daf,15,10,6,15-Jun,E,25-May,21,0,1,0
1,N2,daf,15,10,7,20-Jun,D,25-May,26,1,0,0
1,N2,daf,15,10,8,24-Jun,D,25-May,30,1,0,0
1,N2,daf,15,10,9,26-Jun,D,25-May,32,1,0,0
1,N2,daf,15,10,10,03-Jul,D,25-May,39,1,0,0
1,N2,daf,15,11,1,31-May,M,25-May,6,1,0,0
1,N2,daf,15,11,2,06-Jun,M,25-May,12,1,0,0
1,N2,daf,15,11,3,12-Jun,E,25-May,18,0,1,0
1,N2,daf,15,11,4,15-Jun,E,25-May,21,0,1,0
1,N2,daf,15,11,5,16-Jun,D,25-May,22,1,0,0
1,N2,daf,15,11,6,16-Jun,D,25-May,22,1,0,0
1,N2,daf,15,11,7,23-Jun,D,25-May,29,1,0,0
1,N2,daf,15,11,8,24-Jun,D,25-May,30,1,0,0
1,N2,daf,15,11,9,24-Jun,D,25-May,30,1,0,0
1,N2,daf,15,11,10,27-Jun,D,25-May,33,1,0,0
1,SKN,daf,15F,12,1,01-Jun,M,26-May,6,1,0,0
1,SKN,daf,15F,12,2,01-Jun,M,26-May,6,1,0,0
1,SKN,daf,15F,12,3,03-Jun,M,26-May,8,1,0,0
1,SKN,daf,15F,12,4,07-Jun,M,26-May,12,1,0,0
1,SKN,daf,15F,12,5,13-Jun,E,26-May,18,0,1,0
1,SKN,daf,15F,12,6,17-Jun,D,26-May,22,1,0,0
1,SKN,daf,15F,12,7,18-Jun,D,26-May,23,1,0,0
1,SKN,daf,15F,12,8,18-Jun,D,26-May,23,1,0,0
1,N2,daf,15,13,1,06-Jun,E,25-May,12,0,1,0
1,N2,daf,15,13,2,08-Jun,D,25-May,14,1,0,0
1,N2,daf,15,13,3,09-Jun,E,25-May,15,0,1,0
1,N2,daf,15,13,4,10-Jun,E,25-May,16,0,1,0
1,N2,daf,15,13,5,12-Jun,E,25-May,18,0,1,0
1,N2,daf,15,13,6,12-Jun,E,25-May,18,0,1,0
1,N2,daf,15,13,7,21-Jun,D,25-May,27,1,0,0
1,N2,daf,15,13,8,23-Jun,D,25-May,29,1,0,0
1,N2,daf,15,13,9,25-Jun,D,25-May,31,1,0,0
1,N2,ev,15,14,1,04-Jun,W,25-May,10,0,0,0
1,N2,ev,15,14,2,08-Jun,D,25-May,14,1,0,0
1,N2,ev,15,14,3,09-Jun,D,25-May,15,1,0,0
1,N2,ev,15,14,4,12-Jun,E,25-May,18,0,1,0
1,N2,ev,15,14,5,14-Jun,D,25-May,20,1,0,0
1,N2,ev,15,14,6,18-Jun,D,25-May,24,1,0,0
1,N2,ev,15,14,7,19-Jun,D,25-May,25,1,0,0
1,N2,ev,15,14,8,21-Jun,D,25-May,27,1,0,0
1,N2,ev,15,14,9,22-Jun,D,25-May,28,1,0,0
1,SKN,ev,15,15,1,03-Jun,M,25-May,9,1,0,0
1,SKN,ev,15,15,2,04-Jun,M,25-May,10,1,0,0
1,SKN,ev,15,15,3,06-Jun,W,25-May,12,0,0,0
1,SKN,ev,15,15,4,08-Jun,D,25-May,14,1,0,0
1,SKN,ev,15,15,5,10-Jun,D,25-May,16,1,0,0
1,SKN,ev,15,15,6,11-Jun,E,25-May,17,0,1,0
1,SKN,ev,15,15,7,14-Jun,D,25-May,20,1,0,0
1,SKN,ev,15,15,8,16-Jun,D,25-May,22,1,0,0
1,SKN,ev,15,15,9,16-Jun,D,25-May,22,1,0,0
1,SKN,ev,15,15,10,16-Jun,D,25-May,22,1,0,0
1,SKN,ev,15,16,1,31-May,M,25-May,6,1,0,0
1,SKN,ev,15,16,2,01-Jun,M,25-May,7,1,0,0
1,SKN,ev,15,16,3,01-Jun,M,25-May,7,1,0,0
1,SKN,ev,15,16,4,08-Jun,D,25-May,14,1,0,0
1,SKN,ev,15,16,5,08-Jun,D,25-May,14,1,0,0
1,SKN,daf,15,17,1,06-Jun,M,25-May,12,1,0,0
1,SKN,daf,15,17,2,10-Jun,E,25-May,16,0,1,0
1,SKN,daf,15,17,3,11-Jun,E,25-May,17,0,1,0
1,SKN,daf,15,17,4,14-Jun,D,25-May,20,1,0,0
1,SKN,daf,15,17,5,14-Jun,D,25-May,20,1,0,0
1,SKN,daf,15,17,6,14-Jun,D,25-May,20,1,0,0
1,SKN,daf,15,17,7,16-Jun,D,25-May,22,1,0,0
1,SKN,daf,15,17,8,16-Jun,D,25-May,22,1,0,0
1,SKN,daf,15,17,9,21-Jun,D,25-May,27,1,0,0
1,N2,ev,15,18,1,07-Jun,D,25-May,13,1,0,0
1,N2,ev,15,18,2,08-Jun,D,25-May,14,1,0,0
1,N2,ev,15,18,3,10-Jun,M,25-May,16,1,0,0
1,N2,ev,15,18,4,11-Jun,E,25-May,17,0,1,0
1,N2,ev,15,18,5,21-Jun,D,25-May,27,1,0,0
1,N2,ev,15,18,6,22-Jun,D,25-May,28,1,0,0
1,N2,ev,15,18,7,23-Jun,D,25-May,29,1,0,0
1,SKN,ev,15,19,1,31-May,M,25-May,6,1,0,0
1,SKN,ev,15,19,2,01-Jun,M,25-May,7,1,0,0
1,SKN,ev,15,19,3,03-Jun,M,25-May,9,1,0,0
1,SKN,ev,15,19,4,04-Jun,M,25-May,10,1,0,0
1,SKN,ev,15,19,5,04-Jun,E,25-May,10,0,1,0
1,SKN,ev,15,19,6,06-Jun,M,25-May,12,1,0,0
1,SKN,ev,15,19,7,07-Jun,D,25-May,13,1,0,0
1,SKN,ev,15,19,8,10-Jun,D,25-May,16,1,0,0
1,SKN,ev,15,19,9,11-Jun,D,25-May,17,1,0,0
1,N2,ev,15,20,1,09-Jun,E,25-May,15,0,1,0
1,N2,ev,15,20,2,10-Jun,E,25-May,16,0,1,0
1,N2,ev,15,20,3,12-Jun,E,25-May,18,0,1,0
1,N2,ev,15,20,4,16-Jun,D,25-May,22,1,0,0
1,N2,ev,15,20,5,16-Jun,D,25-May,22,1,0,0
1,N2,ev,15,20,6,24-Jun,D,25-May,30,1,0,0
1,N2,ev,15,20,7,24-Jun,D,25-May,30,1,0,0
1,N2,ev,15,20,8,25-Jun,D,25-May,31,1,0,0
1,N2,ev,15,21,1,09-Jun,E,25-May,15,0,1,0
1,N2,ev,15,21,2,12-Jun,E,25-May,18,0,1,0
1,N2,ev,15,21,3,12-Jun,E,25-May,18,0,1,0
1,N2,ev,15,21,4,16-Jun,D,25-May,22,1,0,0
1,N2,ev,15,21,5,18-Jun,D,25-May,24,1,0,0
1,N2,ev,15,21,6,22-Jun,D,25-May,28,1,0,0
1,N2,ev,15,21,7,22-Jun,D,25-May,28,1,0,0
1,N2,ev,15,21,8,23-Jun,D,25-May,29,1,0,0
1,N2,ev,15,21,9,27-Jun,D,25-May,33,1,0,0
1,SKN,ev,15,22,1,28-May,M,25-May,3,1,0,0
1,SKN,ev,15,22,2,31-May,M,25-May,6,1,0,0
1,SKN,ev,15,22,3,03-Jun,M,25-May,9,1,0,0
1,SKN,ev,15,22,4,07-Jun,D,25-May,13,1,0,0
1,SKN,ev,15,22,5,13-Jun,D,25-May,19,1,0,0
1,SKN,ev,15,22,6,15-Jun,D,25-May,21,1,0,0
1,SKN,ev,15,22,7,16-Jun,D,25-May,22,1,0,0
1,N2,daf,15,23,1,29-May,E,25-May,4,0,1,0
1,N2,daf,15,23,2,07-Jun,E,25-May,13,0,1,0
1,N2,daf,15,23,3,09-Jun,E,25-May,15,0,1,0
1,N2,daf,15,23,4,09-Jun,E,25-May,15,0,1,0
1,N2,daf,15,23,5,09-Jun,E,25-May,15,0,1,0
1,N2,daf,15,23,6,11-Jun,E,25-May,17,0,1,0
1,N2,daf,15,23,7,12-Jun,E,25-May,18,0,1,0
1,N2,daf,15,23,8,21-Jun,D,25-May,27,1,0,0
1,N2,daf,15,23,9,22-Jun,D,25-May,28,1,0,0
1,N2,daf,15,23,10,24-Jun,D,25-May,30,1,0,0
1,N2,daf,15,24,1,08-Jun,E,25-May,14,0,1,0
1,N2,daf,15,24,2,11-Jun,E,25-May,17,0,1,0
1,N2,daf,15,24,3,12-Jun,E,25-May,18,0,1,0
1,N2,daf,15,24,4,12-Jun,L,25-May,18,0,0,0
1,N2,daf,15,24,5,13-Jun,D,25-May,19,1,0,0
1,N2,daf,15,24,6,16-Jun,D,25-May,22,1,0,0
1,N2,daf,15,24,7,22-Jun,D,25-May,28,1,0,0
1,N2,daf,15,24,8,25-Jun,D,25-May,31,1,0,0
1,N2,daf,15,24,9,29-Jun,D,25-May,35,1,0,0
1,N2,ev,15,25,1,05-Jun,E,25-May,11,0,1,0
1,N2,ev,15,25,2,05-Jun,E,25-May,11,0,1,0
1,N2,ev,15,25,3,08-Jun,E,25-May,14,0,1,0
1,N2,ev,15,25,4,08-Jun,D,25-May,14,1,0,0
1,N2,ev,15,25,5,11-Jun,E,25-May,17,0,1,0
1,N2,ev,15,25,6,15-Jun,E,25-May,21,0,1,0
1,N2,ev,15,25,7,22-Jun,D,25-May,28,1,0,0
1,N2,ev,15,25,8,24-Jun,D,25-May,30,1,0,0
1,N2,ev,15,25,9,26-Jun,D,25-May,32,1,0,0
1,N2,ev,15,25,10,27-Jun,D,25-May,33,1,0,0
1,SKN,daf,15,26,1,01-Jun,M,25-May,7,1,0,0
1,SKN,daf,15,26,2,01-Jun,M,25-May,7,1,0,0
1,SKN,daf,15,26,3,03-Jun,M,25-May,9,1,0,0
1,SKN,daf,15,26,4,04-Jun,M,25-May,10,1,0,0
1,SKN,daf,15,26,5,07-Jun,M,25-May,13,1,0,0
1,SKN,daf,15,26,6,07-Jun,D,25-May,13,1,0,0
1,SKN,daf,15,26,7,11-Jun,E,25-May,17,0,1,0
1,SKN,daf,15,26,8,13-Jun,D,25-May,19,1,0,0
1,SKN,daf,15,26,9,16-Jun,D,25-May,22,1,0,0
1,N2,daf,15,27,1,07-Jun,E,25-May,13,0,1,0
1,N2,daf,15,27,2,07-Jun,E,25-May,13,0,1,0
1,N2,daf,15,27,3,11-Jun,E,25-May,17,0,1,0
1,N2,daf,15,27,4,11-Jun,E,25-May,17,0,1,0
1,N2,daf,15,27,5,17-Jun,E,25-May,23,0,1,0
1,N2,daf,15,27,6,22-Jun,D,25-May,28,1,0,0
1,N2,daf,15,27,7,23-Jun,D,25-May,29,1,0,0
1,N2,daf,15,27,8,25-Jun,D,25-May,31,1,0,0
1,N2,daf,15,27,9,27-Jun,D,25-May,33,1,0,0
1,N2,daf,15,27,10,30-Jun,D,25-May,36,1,0,0
1,SKN,ev,15,28,1,31-May,M,25-May,6,1,0,0
1,SKN,ev,15,28,2,31-May,M,25-May,6,1,0,0
1,SKN,ev,15,28,3,02-Jun,M,25-May,8,1,0,0
1,SKN,ev,15,28,4,03-Jun,W,25-May,9,0,0,0
1,SKN,ev,15,28,5,10-Jun,E,25-May,16,0,1,0
1,SKN,ev,15,28,6,12-Jun,D,25-May,18,1,0,0
1,SKN,ev,15,28,7,16-Jun,D,25-May,22,1,0,0
1,SKN,ev,15,28,8,18-Jun,D,25-May,24,1,0,0
1,SKN,daf,15,29,1,27-May,M,25-May,2,1,0,0
1,SKN,daf,15,29,2,31-May,M,25-May,6,1,0,0
1,SKN,daf,15,29,3,01-Jun,M,25-May,7,1,0,0
1,SKN,daf,15,29,4,08-Jun,D,25-May,14,1,0,0
1,SKN,daf,15,29,5,09-Jun,E,25-May,15,0,1,0
1,SKN,daf,15,29,6,13-Jun,D,25-May,19,1,0,0
1,SKN,daf,15,29,7,14-Jun,D,25-May,20,1,0,0
1,SKN,daf,15,29,8,18-Jun,D,25-May,24,1,0,0
1,SKN,daf,15,30,1,31-May,W,25-May,6,0,0,0
1,SKN,daf,15,30,2,03-Jun,M,25-May,9,1,0,0
1,SKN,daf,15,30,3,12-Jun,E,25-May,18,0,1,0
1,SKN,daf,15,30,4,12-Jun,E,25-May,18,0,1,0
1,SKN,daf,15,30,5,13-Jun,D,25-May,19,1,0,0
1,SKN,daf,15,30,6,16-Jun,D,25-May,22,1,0,0
1,SKN,daf,15,30,7,20-Jun,D,25-May,26,1,0,0
1,SKN,daf,15,30,8,21-Jun,D,25-May,27,1,0,0
1,SKN,daf,15F,31,1,31-May,M,26-May,5,1,0,0
1,SKN,daf,15F,31,2,07-Jun,E,26-May,12,0,1,0
1,SKN,daf,15F,31,3,12-Jun,E,26-May,17,0,1,0
1,SKN,daf,15F,31,4,13-Jun,E,26-May,18,0,1,0
1,SKN,daf,15F,31,5,13-Jun,D,26-May,18,1,0,0
1,SKN,daf,15F,31,6,16-Jun,D,26-May,21,1,0,0
1,SKN,daf,15F,31,7,18-Jun,D,26-May,23,1,0,0
1,SKN,daf,15F,31,8,19-Jun,D,26-May,24,1,0,0
1,SKN,daf,15F,31,9,24-Jun,D,26-May,29,1,0,0
1,N2,ev,15,32,1,04-Jun,M,25-May,10,1,0,0
1,N2,ev,15,32,2,07-Jun,E,25-May,13,0,1,0
1,N2,ev,15,32,3,09-Jun,E,25-May,15,0,1,0
1,N2,ev,15,32,4,12-Jun,M,25-May,18,1,0,0
1,N2,ev,15,32,5,15-Jun,D,25-May,21,1,0,1
1,N2,ev,15,32,6,20-Jun,D,25-May,26,1,0,1
1,N2,ev,15,32,7,21-Jun,D,25-May,27,1,0,0
1,N2,ev,15,32,8,24-Jun,D,25-May,30,1,0,0
1,SKN,daf,15,33,1,30-May,M,25-May,5,1,0,0
1,SKN,daf,15,33,2,30-May,W,25-May,5,0,0,0
1,SKN,daf,15,33,3,01-Jun,M,25-May,7,1,0,0
1,SKN,daf,15,33,4,02-Jun,M,25-May,8,1,0,0
1,SKN,daf,15,33,5,05-Jun,E,25-May,11,0,1,0
1,SKN,daf,15,33,6,07-Jun,D,25-May,13,1,0,0
1,SKN,daf,15,33,7,11-Jun,D,25-May,17,1,0,0
1,SKN,daf,15,33,8,12-Jun,E,25-May,18,0,1,0
1,SKN,daf,15,33,9,16-Jun,D,25-May,22,1,0,0
1,SKN,daf,15,33,10,20-Jun,D,25-May,26,1,0,0
1,N2,ev,15,34,1,27-May,M,25-May,2,1,0,0
1,N2,ev,15,34,2,30-May,M,25-May,5,1,0,0
1,N2,ev,15,34,3,03-Jun,M,25-May,9,1,0,0
1,N2,ev,15,34,4,04-Jun,M,25-May,10,1,0,0
1,N2,ev,15,34,5,10-Jun,E,25-May,16,0,1,0
1,N2,ev,15,34,6,14-Jun,E,25-May,20,0,1,0
1,N2,ev,15,34,7,18-Jun,D,25-May,24,1,0,0
1,N2,ev,15,34,8,21-Jun,D,25-May,27,1,0,0
1,N2,ev,15,34,9,24-Jun,D,25-May,30,1,0,0
1,N2,ev,15,34,10,26-Jun,D,25-May,32,1,0,0
1,SKN,ev,15,35,1,28-May,M,25-May,3,1,0,0
1,SKN,ev,15,35,2,30-May,M,25-May,5,1,0,0
1,SKN,ev,15,35,3,01-Jun,M,25-May,7,1,0,0
1,SKN,ev,15,35,4,01-Jun,M,25-May,7,1,0,0
1,SKN,ev,15,35,5,04-Jun,M,25-May,10,1,0,0
1,SKN,ev,15,35,6,07-Jun,M,25-May,13,1,0,0
1,SKN,ev,15,35,7,10-Jun,D,25-May,16,1,0,0
1,SKN,ev,15,35,8,10-Jun,D,25-May,16,1,0,0
1,SKN,ev,15,36,1,27-May,M,25-May,2,1,0,0
1,SKN,ev,15,36,2,03-Jun,M,25-May,9,1,0,0
1,SKN,ev,15,36,3,04-Jun,M,25-May,10,1,0,0
1,SKN,ev,15,36,4,13-Jun,D,25-May,19,1,0,0
1,SKN,ev,15,36,5,14-Jun,D,25-May,20,1,0,0
1,SKN,ev,15,36,6,16-Jun,D,25-May,22,1,0,0
1,SKN,ev,15,36,7,17-Jun,D,25-May,23,1,0,0
1,SKN,daf,15,37,1,01-Jun,M,25-May,7,1,0,0
1,SKN,daf,15,37,2,03-Jun,M,25-May,9,1,0,0
1,SKN,daf,15,37,3,04-Jun,M,25-May,10,1,0,0
1,SKN,daf,15,37,4,07-Jun,E,25-May,13,0,1,0
1,SKN,daf,15,37,5,08-Jun,E,25-May,14,0,1,0
1,SKN,daf,15,37,6,11-Jun,E,25-May,17,0,1,0
1,SKN,daf,15,37,7,13-Jun,E,25-May,19,0,1,0
1,SKN,daf,15,37,8,13-Jun,E,25-May,19,0,1,0
1,SKN,daf,15,37,9,15-Jun,D,25-May,21,1,0,0
1,SKN,daf,15,37,10,17-Jun,D,25-May,23,1,0,0
1,N2,daf,15,38,1,10-Jun,E,25-May,16,0,1,0
1,N2,daf,15,38,2,13-Jun,E,25-May,19,0,1,0
1,N2,daf,15,38,3,16-Jun,D,25-May,22,1,0,0
1,N2,daf,15,38,4,23-Jun,D,25-May,29,1,0,0
1,N2,daf,15,38,5,24-Jun,D,25-May,30,1,0,0
1,N2,daf,15,38,6,25-Jun,D,25-May,31,1,0,0
1,N2,daf,15,38,7,25-Jun,D,25-May,31,1,0,0
1,N2,daf,15,38,8,25-Jun,D,25-May,31,1,0,0
1,N2,daf,15,38,9,29-Jun,D,25-May,35,1,0,0
1,N2,daf,15,39,1,08-Jun,E,25-May,14,0,1,0
1,N2,daf,15,39,2,08-Jun,E,25-May,14,0,1,0
1,N2,daf,15,39,3,18-Jun,D,25-May,24,1,0,0
1,N2,daf,15,39,4,19-Jun,D,25-May,25,1,0,0
1,N2,daf,15,39,5,24-Jun,D,25-May,30,1,0,0
1,N2,daf,15,39,6,24-Jun,D,25-May,30,1,0,0
1,N2,daf,15,40,1,11-Jun,E,25-May,17,0,1,0
1,N2,daf,15,40,2,14-Jun,D,25-May,20,1,0,0
1,N2,daf,15,40,3,14-Jun,D,25-May,20,1,0,0
1,N2,daf,15,40,4,23-Jun,D,25-May,29,1,0,0
1,N2,daf,15,40,5,25-Jun,D,25-May,31,1,0,0
1,N2,daf,15,40,6,25-Jun,D,25-May,31,1,0,0
1,N2,daf,15,40,7,27-Jun,D,25-May,33,1,0,0
1,N2,daf,15,40,8,30-Jun,D,25-May,36,1,0,0
1,N2,daf,15,40,9,01-Jul,D,25-May,37,1,0,0
1,SKN,daf,15F,41,1,02-Jun,M,26-May,7,1,0,0
1,SKN,daf,15F,41,2,11-Jun,E,26-May,16,0,1,0
1,SKN,daf,15F,41,3,12-Jun,E,26-May,17,0,1,0
1,SKN,daf,15F,41,4,15-Jun,E,26-May,20,0,1,0
1,SKN,daf,15F,41,5,16-Jun,D,26-May,21,1,0,0
1,SKN,daf,15F,41,6,16-Jun,D,26-May,21,1,0,0
1,SKN,daf,15F,41,7,18-Jun,D,26-May,23,1,0,0
1,SKN,daf,15F,41,8,22-Jun,D,26-May,27,1,0,0
1,SKN,daf,15F,41,9,24-Jun,D,26-May,29,1,0,0
1,SKN,daf,15F,42,1,31-May,M,26-May,5,1,0,0
1,SKN,daf,15F,42,2,31-May,M,26-May,5,1,0,0
1,SKN,daf,15F,42,3,31-May,M,26-May,5,1,0,0
1,SKN,daf,15F,42,4,03-Jun,M,26-May,8,1,0,0
1,SKN,daf,15F,42,5,07-Jun,E,26-May,12,0,1,0
1,SKN,daf,15F,42,6,11-Jun,D,26-May,16,1,0,0
1,SKN,daf,15F,42,7,13-Jun,D,26-May,18,1,0,0
1,SKN,daf,15F,42,8,14-Jun,D,26-May,19,1,0,0
1,SKN,daf,15F,42,9,18-Jun,D,26-May,23,1,0,0
1,SKN,daf,15F,43,1,30-May,M,26-May,4,1,0,0
1,SKN,daf,15F,43,2,01-Jun,M,26-May,6,1,0,0
1,SKN,daf,15F,43,3,09-Jun,E,26-May,14,0,1,0
1,SKN,daf,15F,43,4,11-Jun,E,26-May,16,0,1,0
1,SKN,daf,15F,43,5,14-Jun,D,26-May,19,1,0,0
1,SKN,daf,15F,43,6,15-Jun,D,26-May,20,1,0,0
1,SKN,daf,15F,43,7,16-Jun,D,26-May,21,1,0,0
1,SKN,daf,15F,43,8,19-Jun,D,26-May,24,1,0,0
1,SKN,daf,15,44,1,28-May,M,25-May,3,1,0,0
1,SKN,daf,15,44,2,03-Jun,D,25-May,9,1,0,0
1,SKN,daf,15,44,3,08-Jun,D,25-May,14,1,0,0
1,SKN,daf,15,44,4,12-Jun,E,25-May,18,0,1,0
1,SKN,daf,15,44,5,12-Jun,E,25-May,18,0,1,0
1,SKN,daf,15,44,6,13-Jun,D,25-May,19,1,0,0
1,SKN,daf,15,44,7,18-Jun,D,25-May,24,1,0,0
1,SKN,daf,15,44,8,18-Jun,D,25-May,24,1,0,0
1,N2,ev,15,45,1,10-Jun,E,25-May,16,0,1,0
1,N2,ev,15,45,2,12-Jun,E,25-May,18,0,1,0
1,N2,ev,15,45,3,12-Jun,E,25-May,18,0,1,0
1,N2,ev,15,45,4,13-Jun,E,25-May,19,0,1,0
1,N2,ev,15,45,5,13-Jun,E,25-May,19,0,1,0
1,N2,ev,15,45,6,18-Jun,L,25-May,24,0,0,0
1,N2,ev,15,45,7,19-Jun,D,25-May,25,1,0,0
1,N2,ev,15,45,8,22-Jun,D,25-May,28,1,0,0
1,N2,ev,15,45,9,23-Jun,D,25-May,29,1,0,0
1,N2,ev,15,45,10,23-Jun,D,25-May,29,1,0,0
1,SKN,ev,15,46,1,01-Jun,M,25-May,7,1,0,0
1,SKN,ev,15,46,2,06-Jun,M,25-May,12,1,0,0
1,SKN,ev,15,46,3,08-Jun,M,25-May,14,1,0,0
1,SKN,ev,15,46,4,10-Jun,D,25-May,16,1,0,0
1,SKN,ev,15,46,5,11-Jun,D,25-May,17,1,0,0
1,SKN,ev,15,46,6,13-Jun,D,25-May,19,1,0,0
1,SKN,ev,15,46,7,14-Jun,D,25-May,20,1,0,0
1,SKN,ev,15,46,8,16-Jun,D,25-May,22,1,0,0
1,SKN,ev,15,46,9,16-Jun,D,25-May,22,1,0,0
1,SKN,daf,15F,47,1,31-May,M,26-May,5,1,0,0
1,SKN,daf,15F,47,2,31-May,M,26-May,5,1,0,0
1,SKN,daf,15F,47,3,06-Jun,M,26-May,11,1,0,0
1,SKN,daf,15F,47,4,11-Jun,E,26-May,16,0,1,0
1,SKN,daf,15F,47,5,12-Jun,E,26-May,17,0,1,0
1,SKN,daf,15F,47,6,16-Jun,D,26-May,21,1,0,0
1,SKN,daf,15F,47,7,17-Jun,D,26-May,22,1,0,0
1,SKN,daf,15F,47,8,17-Jun,D,26-May,22,1,0,0
1,SKN,daf,15F,47,9,18-Jun,D,26-May,23,1,0,0
1,SKN,daf,15F,47,10,18-Jun,D,26-May,23,1,0,0
1,SKN,daf,15,48,1,30-May,M,25-May,5,1,0,0
1,SKN,daf,15,48,2,01-Jun,M,25-May,7,1,0,0
1,SKN,daf,15,48,3,12-Jun,E,25-May,18,0,1,0
1,SKN,daf,15,48,4,13-Jun,D,25-May,19,1,0,0
1,SKN,daf,15,48,5,15-Jun,D,25-May,21,1,0,0
1,SKN,daf,15,48,6,22-Jun,D,25-May,28,1,0,0
1,SKN,daf,15F,49,1,03-Jun,D,26-May,8,1,0,0
1,SKN,daf,15F,49,2,10-Jun,E,26-May,15,0,1,0
1,SKN,daf,15F,49,3,13-Jun,E,26-May,18,0,1,0
1,SKN,daf,15F,49,4,13-Jun,E,26-May,18,0,1,0
1,SKN,daf,15F,49,5,13-Jun,W,26-May,18,0,0,0
1,SKN,daf,15F,49,6,17-Jun,D,26-May,22,1,0,0
1,SKN,daf,15F,49,7,17-Jun,D,26-May,22,1,0,0
1,SKN,daf,15,50,1,01-Jun,M,25-May,7,1,0,0
1,SKN,daf,15,50,2,04-Jun,M,25-May,10,1,0,0
1,SKN,daf,15,50,3,12-Jun,E,25-May,18,0,1,0
1,SKN,daf,15,50,4,13-Jun,E,25-May,19,0,1,0
1,SKN,daf,15,50,5,14-Jun,D,25-May,20,1,0,0
1,SKN,daf,15,50,6,14-Jun,D,25-May,20,1,0,0
1,SKN,daf,15,50,7,16-Jun,D,25-May,22,1,0,0
1,SKN,daf,15,50,8,17-Jun,D,25-May,23,1,0,0
1,SKN,daf,15,50,9,24-Jun,D,25-May,30,1,0,0
1,SKN,ev,25,51,1,28-May,M,25-May,3,1,0,0
1,SKN,ev,25,51,2,29-May,M,25-May,4,1,0,0
1,SKN,ev,25,51,3,30-May,M,25-May,5,1,0,0
1,SKN,ev,25,51,4,08-Jun,D,25-May,14,1,0,1
1,SKN,ev,25,51,5,10-Jun,D,25-May,16,1,0,1
1,SKN,ev,25,51,6,11-Jun,D,25-May,17,1,0,1
1,SKN,ev,25,51,7,12-Jun,D,25-May,18,1,0,1
1,SKN,ev,25,51,8,12-Jun,D,25-May,18,1,0,0
1,SKN,ev,25,51,9,19-Jun,D,25-May,25,1,0,0
1,N2,ev,25,52,1,28-May,L,25-May,3,0,0,0
1,N2,ev,25,52,2,28-May,L,25-May,3,0,0,0
1,N2,ev,25,52,3,07-Jun,D,25-May,13,1,0,0
1,N2,ev,25,52,4,10-Jun,D,25-May,16,1,0,0
1,N2,ev,25,52,5,13-Jun,D,25-May,19,1,0,0
1,N2,ev,25,52,6,13-Jun,D,25-May,19,1,0,0
1,N2,ev,25,52,7,14-Jun,D,25-May,20,1,0,0
1,N2,ev,25,52,8,14-Jun,D,25-May,20,1,0,0
1,N2,ev,25,52,9,15-Jun,D,25-May,21,1,0,0
1,N2,ev,25,52,10,16-Jun,D,25-May,22,1,0,0
1,N2,daf,25,53,1,07-Jun,D,25-May,13,1,0,0
1,N2,daf,25,53,2,11-Jun,D,25-May,17,1,0,0
1,N2,daf,25,53,3,12-Jun,D,25-May,18,1,0,0
1,N2,daf,25,53,4,12-Jun,D,25-May,18,1,0,0
1,N2,daf,25,53,5,13-Jun,D,25-May,19,1,0,0
1,N2,daf,25,53,6,13-Jun,D,25-May,19,1,0,0
1,N2,daf,25,53,7,14-Jun,D,25-May,20,1,0,0
1,N2,daf,25,53,8,15-Jun,D,25-May,21,1,0,0
1,N2,daf,25,53,9,18-Jun,D,25-May,24,1,0,0
1,SKN,daf,25,54,1,29-May,M,25-May,4,1,0,0
1,SKN,daf,25,54,2,01-Jun,E,25-May,7,0,1,0
1,SKN,daf,25,54,3,01-Jun,D,25-May,7,1,0,0
1,SKN,daf,25,54,4,04-Jun,D,25-May,10,1,0,0
1,SKN,daf,25,54,5,07-Jun,D,25-May,13,1,0,0
1,SKN,daf,25,54,6,10-Jun,D,25-May,16,1,0,0
1,SKN,daf,25,54,7,14-Jun,D,25-May,20,1,0,1
1,SKN,daf,25,54,8,16-Jun,D,25-May,22,1,0,0
1,SKN,daf,25,54,9,16-Jun,D,25-May,22,1,0,0
1,SKN,daf,25,54,10,17-Jun,D,25-May,23,1,0,0
1,SKN,daf,25F,55,1,29-May,M,26-May,3,1,0,0
1,SKN,daf,25F,55,2,31-May,M,26-May,5,1,0,0
1,SKN,daf,25F,55,3,10-Jun,D,26-May,15,1,0,0
1,SKN,daf,25F,55,4,12-Jun,D,26-May,17,1,0,0
1,SKN,daf,25F,55,5,13-Jun,D,26-May,18,1,0,0
1,SKN,daf,25F,55,6,14-Jun,D,26-May,19,1,0,0
1,SKN,daf,25F,55,7,16-Jun,D,26-May,21,1,0,0
1,SKN,ev,25,56,1,27-May,M,25-May,2,1,0,0
1,SKN,ev,25,56,2,29-May,M,25-May,4,1,0,0
1,SKN,ev,25,56,3,29-May,M,25-May,4,1,0,0
1,SKN,ev,25,56,4,30-May,M,25-May,5,1,0,0
1,SKN,ev,25,56,5,30-May,M,25-May,5,1,0,0
1,SKN,ev,25,56,6,05-Jun,D,25-May,11,1,0,0
1,SKN,ev,25,56,7,10-Jun,D,25-May,16,1,0,0
1,SKN,ev,25,56,8,13-Jun,D,25-May,19,1,0,0
1,N2,ev,25,57,1,28-May,M,25-May,3,1,0,0
1,N2,ev,25,57,2,29-May,M,25-May,4,1,0,0
1,N2,ev,25,57,3,01-Jun,E,25-May,7,0,1,0
1,N2,ev,25,57,4,06-Jun,D,25-May,12,1,0,0
1,N2,ev,25,57,5,11-Jun,D,25-May,17,1,0,0
1,N2,ev,25,57,6,12-Jun,D,25-May,18,1,0,0
1,N2,ev,25,57,7,14-Jun,D,25-May,20,1,0,0
1,N2,ev,25,57,8,16-Jun,D,25-May,22,1,0,0
1,N2,ev,25,57,9,16-Jun,D,25-May,22,1,0,0
1,N2,ev,25,57,10,18-Jun,D,25-May,24,1,0,1
1,SKN,daf,25F,58,1,28-May,M,26-May,2,1,0,0
1,SKN,daf,25F,58,2,30-May,M,26-May,4,1,0,0
1,SKN,daf,25F,58,3,08-Jun,D,26-May,13,1,0,1
1,SKN,daf,25F,58,4,13-Jun,D,26-May,18,1,0,1
1,SKN,daf,25F,58,5,13-Jun,D,26-May,18,1,0,1
1,SKN,daf,25F,58,6,13-Jun,D,26-May,18,1,0,0
1,SKN,daf,25F,58,7,14-Jun,D,26-May,19,1,0,0
1,SKN,daf,25F,58,8,15-Jun,D,26-May,20,1,0,0
1,SKN,daf,25F,58,9,15-Jun,D,26-May,20,1,0,0
1,SKN,daf,25F,58,10,16-Jun,D,26-May,21,1,0,1
1,SKN,daf,25F,59,1,03-Jun,D,26-May,8,1,0,0
1,SKN,daf,25F,59,2,09-Jun,D,26-May,14,1,0,0
1,SKN,daf,25F,59,3,10-Jun,D,26-May,15,1,0,0
1,SKN,daf,25F,59,4,13-Jun,D,26-May,18,1,0,0
1,SKN,daf,25F,59,5,14-Jun,D,26-May,19,1,0,0
1,SKN,daf,25F,59,6,15-Jun,D,26-May,20,1,0,0
1,SKN,daf,25F,59,7,16-Jun,D,26-May,21,1,0,0
1,SKN,daf,25F,59,8,16-Jun,D,26-May,21,1,0,0
1,SKN,daf,25F,59,9,17-Jun,D,26-May,22,1,0,0
1,SKN,daf,25F,59,10,18-Jun,D,26-May,23,1,0,0
1,N2,daf,25,60,1,27-May,M,25-May,2,1,0,0
1,N2,daf,25,60,2,27-May,M,25-May,2,1,0,0
1,N2,daf,25,60,3,28-May,M,25-May,3,1,0,0
1,N2,daf,25,60,4,28-May,M,25-May,3,1,0,0
1,N2,daf,25,60,5,13-Jun,D,25-May,19,1,0,0
1,N2,daf,25,60,6,13-Jun,D,25-May,19,1,0,0
1,N2,daf,25,60,7,15-Jun,D,25-May,21,1,0,0
1,N2,daf,25,60,8,17-Jun,D,25-May,23,1,0,0
1,N2,daf,25,61,1,28-May,E,25-May,3,0,1,0
1,N2,daf,25,61,2,05-Jun,D,25-May,11,1,0,1
1,N2,daf,25,61,3,05-Jun,D,25-May,11,1,0,1
1,N2,daf,25,61,4,05-Jun,D,25-May,11,1,0,1
1,N2,daf,25,61,5,09-Jun,D,25-May,15,1,0,0
1,N2,daf,25,61,6,12-Jun,D,25-May,18,1,0,0
1,N2,daf,25,61,7,13-Jun,D,25-May,19,1,0,0
1,N2,daf,25,61,8,13-Jun,D,25-May,19,1,0,0
1,N2,daf,25,61,9,13-Jun,D,25-May,19,1,0,0
1,N2,daf,25,61,10,14-Jun,D,25-May,20,1,0,0
1,SKN,daf,25F,62,1,03-Jun,D,26-May,8,1,0,0
1,SKN,daf,25F,62,2,07-Jun,D,26-May,12,1,0,0
1,SKN,daf,25F,62,3,10-Jun,D,26-May,15,1,0,0
1,SKN,daf,25F,62,4,10-Jun,D,26-May,15,1,0,0
1,SKN,daf,25F,62,5,12-Jun,D,26-May,17,1,0,0
1,SKN,daf,25F,62,6,14-Jun,D,26-May,19,1,0,0
1,SKN,daf,25F,62,7,16-Jun,D,26-May,21,1,0,0
1,SKN,daf,25F,62,8,17-Jun,D,26-May,22,1,0,0
1,SKN,daf,25F,62,9,18-Jun,D,26-May,23,1,0,0
1,N2,daf,25,63,1,28-May,M,25-May,3,1,0,0
1,N2,daf,25,63,2,29-May,M,25-May,4,1,0,0
1,N2,daf,25,63,3,30-May,M,25-May,5,1,0,0
1,N2,daf,25,63,4,02-Jun,E,25-May,8,0,1,0
1,N2,daf,25,63,5,08-Jun,D,25-May,14,1,0,1
1,N2,daf,25,63,6,09-Jun,D,25-May,15,1,0,0
1,N2,daf,25,63,7,11-Jun,D,25-May,17,1,0,1
1,N2,daf,25,63,8,11-Jun,D,25-May,17,1,0,1
1,N2,daf,25,63,9,13-Jun,D,25-May,19,1,0,1
1,N2,daf,25,63,10,14-Jun,D,25-May,20,1,0,1
1,N2,ev,25,64,1,31-May,M,25-May,6,1,0,0
1,N2,ev,25,64,2,09-Jun,D,25-May,15,1,0,0
1,N2,ev,25,64,3,09-Jun,D,25-May,15,1,0,0
1,N2,ev,25,64,4,09-Jun,D,25-May,15,1,0,0
1,N2,ev,25,64,5,10-Jun,D,25-May,16,1,0,0
1,N2,ev,25,64,6,13-Jun,D,25-May,19,1,0,0
1,N2,ev,25,64,7,13-Jun,D,25-May,19,1,0,0
1,N2,ev,25,64,8,13-Jun,D,25-May,19,1,0,1
1,N2,ev,25,64,9,14-Jun,D,25-May,20,1,0,1
1,N2,ev,25,64,10,18-Jun,D,25-May,24,1,0,1
1,SKN,ev,25,65,1,27-May,M,25-May,2,1,0,0
1,SKN,ev,25,65,2,03-Jun,D,25-May,9,1,0,0
1,SKN,ev,25,65,3,07-Jun,D,25-May,13,1,0,0
1,SKN,ev,25,65,4,09-Jun,D,25-May,15,1,0,0
1,SKN,ev,25,65,5,09-Jun,D,25-May,15,1,0,0
1,SKN,ev,25,65,6,11-Jun,D,25-May,17,1,0,0
1,SKN,ev,25,65,7,12-Jun,D,25-May,18,1,0,0
1,SKN,ev,25,65,8,13-Jun,D,25-May,19,1,0,0
1,SKN,ev,25,65,9,17-Jun,D,25-May,23,1,0,0
1,SKN,ev,25,65,10,18-Jun,D,25-May,24,1,0,0
1,SKN,ev,25,66,1,27-May,M,25-May,2,1,0,0
1,SKN,ev,25,66,2,27-May,M,25-May,2,1,0,0
1,SKN,ev,25,66,3,07-Jun,D,25-May,13,1,0,0
1,SKN,ev,25,66,4,08-Jun,D,25-May,14,1,0,0
1,SKN,ev,25,66,5,11-Jun,D,25-May,17,1,0,0
1,SKN,ev,25,66,6,16-Jun,D,25-May,22,1,0,0
1,SKN,ev,25,66,7,18-Jun,D,25-May,24,1,0,0
1,SKN,daf,25,67,1,27-May,M,25-May,2,1,0,0
1,SKN,daf,25,67,2,01-Jun,E,25-May,7,0,1,0
1,SKN,daf,25,67,3,03-Jun,E,25-May,9,0,1,0
1,SKN,daf,25,67,4,05-Jun,D,25-May,11,1,0,0
1,SKN,daf,25,67,5,08-Jun,D,25-May,14,1,0,0
1,SKN,daf,25,67,6,08-Jun,D,25-May,14,1,0,0
1,SKN,daf,25,67,7,10-Jun,D,25-May,16,1,0,0
1,SKN,daf,25,67,8,10-Jun,D,25-May,16,1,0,0
1,SKN,daf,25,67,9,13-Jun,D,25-May,19,1,0,0
1,SKN,daf,25,67,10,17-Jun,D,25-May,23,1,0,0
1,N2,ev,25,68,1,26-May,M,25-May,1,1,0,0
1,N2,ev,25,68,2,28-May,M,25-May,3,1,0,0
1,N2,ev,25,68,3,31-May,D,25-May,6,1,0,0
1,N2,ev,25,68,4,01-Jun,D,25-May,7,1,0,0
1,N2,ev,25,68,5,11-Jun,D,25-May,17,1,0,0
1,N2,ev,25,68,6,13-Jun,D,25-May,19,1,0,0
1,N2,ev,25,68,7,13-Jun,D,25-May,19,1,0,0
1,N2,ev,25,68,8,13-Jun,D,25-May,19,1,0,0
1,N2,ev,25,68,9,17-Jun,D,25-May,23,1,0,0
1,SKN,ev,25,69,1,28-May,M,25-May,3,1,0,0
1,SKN,ev,25,69,2,28-May,M,25-May,3,1,0,0
1,SKN,ev,25,69,3,28-May,M,25-May,3,1,0,0
1,SKN,ev,25,69,4,04-Jun,D,25-May,10,1,0,0
1,SKN,ev,25,69,5,07-Jun,D,25-May,13,1,0,0
1,SKN,ev,25,69,6,08-Jun,D,25-May,14,1,0,0
1,SKN,ev,25,69,7,10-Jun,D,25-May,16,1,0,0
1,SKN,ev,25,69,8,13-Jun,D,25-May,19,1,0,0
1,SKN,ev,25,69,9,13-Jun,D,25-May,19,1,0,0
1,SKN,ev,25,69,10,14-Jun,D,25-May,20,1,0,0
1,N2,ev,25,70,1,29-May,M,25-May,4,1,0,0
1,N2,ev,25,70,2,30-May,M,25-May,5,1,0,0
1,N2,ev,25,70,3,08-Jun,D,25-May,14,1,0,0
1,N2,ev,25,70,4,08-Jun,D,25-May,14,1,0,0
1,N2,ev,25,70,5,08-Jun,D,25-May,14,1,0,0
1,N2,ev,25,70,6,09-Jun,D,25-May,15,1,0,0
1,N2,ev,25,70,7,10-Jun,D,25-May,16,1,0,0
1,N2,ev,25,70,8,13-Jun,D,25-May,19,1,0,0
1,N2,ev,25,70,9,17-Jun,D,25-May,23,1,0,0
1,N2,ev,25,71,1,28-May,M,25-May,3,1,0,0
1,N2,ev,25,71,2,28-May,M,25-May,3,1,0,0
1,N2,ev,25,71,3,28-May,M,25-May,3,1,0,0
1,N2,ev,25,71,4,28-May,M,25-May,3,1,0,0
1,N2,ev,25,71,5,29-May,M,25-May,4,1,0,0
1,N2,ev,25,71,6,10-Jun,D,25-May,16,1,0,0
1,N2,ev,25,71,7,10-Jun,D,25-May,16,1,0,0
1,N2,ev,25,71,8,13-Jun,D,25-May,19,1,0,0
1,N2,ev,25,71,9,13-Jun,D,25-May,19,1,0,0
1,N2,ev,25,71,10,13-Jun,D,25-May,19,1,0,0
1,SKN,ev,25,72,1,27-May,M,25-May,2,1,0,0
1,SKN,ev,25,72,2,27-May,M,25-May,2,1,0,0
1,SKN,ev,25,72,3,27-May,M,25-May,2,1,0,0
1,SKN,ev,25,72,4,08-Jun,D,25-May,14,1,0,0
1,SKN,ev,25,72,5,13-Jun,D,25-May,19,1,0,0
1,SKN,ev,25,72,6,13-Jun,D,25-May,19,1,0,0
1,SKN,ev,25,72,7,16-Jun,D,25-May,22,1,0,0
1,SKN,ev,25,72,8,18-Jun,D,25-May,24,1,0,0
1,SKN,ev,25,72,9,18-Jun,D,25-May,24,1,0,0
1,SKN,ev,25,72,10,18-Jun,D,25-May,24,1,0,0
1,N2,daf,25,73,1,30-May,M,25-May,5,1,0,0
1,N2,daf,25,73,2,07-Jun,D,25-May,13,1,0,0
1,N2,daf,25,73,3,09-Jun,D,25-May,15,1,0,0
1,N2,daf,25,73,4,11-Jun,D,25-May,17,1,0,0
1,N2,daf,25,73,5,13-Jun,D,25-May,19,1,0,0
1,N2,daf,25,73,6,13-Jun,D,25-May,19,1,0,0
1,N2,daf,25,73,7,13-Jun,D,25-May,19,1,0,0
1,N2,daf,25,73,8,13-Jun,D,25-May,19,1,0,0
1,N2,daf,25,73,9,13-Jun,D,25-May,19,1,0,0
1,N2,daf,25,73,10,18-Jun,D,25-May,24,1,0,0
1,N2,daf,25,74,1,27-May,M,25-May,2,1,0,0
1,N2,daf,25,74,2,31-May,M,25-May,6,1,0,0
1,N2,daf,25,74,3,09-Jun,D,25-May,15,1,0,0
1,N2,daf,25,74,4,12-Jun,D,25-May,18,1,0,0
1,N2,daf,25,74,5,13-Jun,D,25-May,19,1,0,0
1,N2,daf,25,74,6,13-Jun,D,25-May,19,1,0,0
1,N2,daf,25,74,7,13-Jun,D,25-May,19,1,0,0
1,N2,daf,25,74,8,13-Jun,D,25-May,19,1,0,0
1,N2,daf,25,74,9,16-Jun,D,25-May,22,1,0,0
1,N2,daf,25,74,10,17-Jun,D,25-May,23,1,0,0
1,N2,ev,25,75,1,29-May,M,25-May,4,1,0,0
1,N2,ev,25,75,2,30-May,M,25-May,5,1,0,0
1,N2,ev,25,75,3,30-May,M,25-May,5,1,0,0
1,N2,ev,25,75,4,06-Jun,D,25-May,12,1,0,0
1,N2,ev,25,75,5,11-Jun,D,25-May,17,1,0,0
1,N2,ev,25,75,6,11-Jun,D,25-May,17,1,0,0
1,N2,ev,25,75,7,13-Jun,D,25-May,19,1,0,0
1,N2,ev,25,75,8,14-Jun,D,25-May,20,1,0,0
1,N2,ev,25,75,9,18-Jun,D,25-May,24,1,0,0
1,SKN,daf,25,76,1,28-May,M,25-May,3,1,0,0
1,SKN,daf,25,76,2,31-May,E,25-May,6,0,1,0
1,SKN,daf,25,76,3,03-Jun,D,25-May,9,1,0,0
1,SKN,daf,25,76,4,04-Jun,D,25-May,10,1,0,0
1,SKN,daf,25,76,5,09-Jun,D,25-May,15,1,0,0
1,SKN,daf,25,76,6,10-Jun,D,25-May,16,1,0,0
1,SKN,daf,25,76,7,13-Jun,D,25-May,19,1,0,0
1,SKN,daf,25,76,8,14-Jun,D,25-May,20,1,0,0
1,SKN,daf,25,76,9,14-Jun,D,25-May,20,1,0,0
1,SKN,daf,25,76,10,18-Jun,D,25-May,24,1,0,0
1,N2,daf,25,77,1,29-May,M,25-May,4,1,0,0
1,N2,daf,25,77,2,30-May,M,25-May,5,1,0,0
1,N2,daf,25,77,3,07-Jun,D,25-May,13,1,0,0
1,N2,daf,25,77,4,08-Jun,D,25-May,14,1,0,0
1,N2,daf,25,77,5,09-Jun,D,25-May,15,1,0,0
1,N2,daf,25,77,6,10-Jun,D,25-May,16,1,0,0
1,N2,daf,25,77,7,13-Jun,D,25-May,19,1,0,0
1,N2,daf,25,77,8,13-Jun,D,25-May,19,1,0,0
1,N2,daf,25,77,9,16-Jun,D,25-May,22,1,0,0
1,N2,daf,25,77,10,19-Jun,D,25-May,25,1,0,0
1,SKN,ev,25,78,1,29-May,M,25-May,4,1,0,0
1,SKN,ev,25,78,2,05-Jun,D,25-May,11,1,0,0
1,SKN,ev,25,78,3,11-Jun,D,25-May,17,1,0,0
1,SKN,ev,25,78,4,13-Jun,D,25-May,19,1,0,0
1,SKN,ev,25,78,5,14-Jun,D,25-May,20,1,0,0
1,SKN,ev,25,78,6,15-Jun,D,25-May,21,1,0,0
1,SKN,ev,25,78,7,18-Jun,D,25-May,24,1,0,0
1,SKN,ev,25,78,8,21-Jun,D,25-May,27,1,0,0
1,SKN,ev,25,78,9,21-Jun,D,25-May,27,1,0,0
1,SKN,daf,25,79,1,27-May,M,25-May,2,1,0,0
1,SKN,daf,25,79,2,27-May,M,25-May,2,1,0,0
1,SKN,daf,25,79,3,27-May,M,25-May,2,1,0,0
1,SKN,daf,25,79,4,29-May,M,25-May,4,1,0,0
1,SKN,daf,25,79,5,06-Jun,D,25-May,12,1,0,0
1,SKN,daf,25,79,6,07-Jun,D,25-May,13,1,0,0
1,SKN,daf,25,79,7,12-Jun,D,25-May,18,1,0,0
1,SKN,daf,25,79,8,13-Jun,D,25-May,19,1,0,0
1,SKN,daf,25,79,9,14-Jun,D,25-May,20,1,0,0
1,SKN,daf,25,79,10,16-Jun,D,25-May,22,1,0,0
1,SKN,daf,25,80,1,27-May,M,25-May,2,1,0,0
1,SKN,daf,25,80,2,27-May,M,25-May,2,1,0,0
1,SKN,daf,25,80,3,27-May,M,25-May,2,1,0,0
1,SKN,daf,25,80,4,08-Jun,D,25-May,14,1,0,0
1,SKN,daf,25,80,5,09-Jun,D,25-May,15,1,0,0
1,SKN,daf,25,80,6,12-Jun,D,25-May,18,1,0,0
1,SKN,daf,25,80,7,17-Jun,D,25-May,23,1,0,0
1,SKN,daf,25,80,8,17-Jun,D,25-May,23,1,0,0
1,SKN,daf,25,80,9,17-Jun,D,25-May,23,1,0,0
1,SKN,daf,25,80,10,20-Jun,D,25-May,26,1,0,0
1,SKN,daf,25F,81,1,29-May,M,26-May,3,1,0,0
1,SKN,daf,25F,81,2,29-May,M,26-May,3,1,0,0
1,SKN,daf,25F,81,3,08-Jun,D,26-May,13,1,0,0
1,SKN,daf,25F,81,4,15-Jun,D,26-May,20,1,0,0
1,SKN,daf,25F,81,5,15-Jun,D,26-May,20,1,0,0
1,SKN,daf,25F,81,6,18-Jun,D,26-May,23,1,0,0
1,SKN,daf,25F,81,7,19-Jun,D,26-May,24,1,0,0
1,N2,ev,25,82,1,28-May,M,25-May,3,1,0,0
1,N2,ev,25,82,2,28-May,M,25-May,3,1,0,0
1,N2,ev,25,82,3,28-May,M,25-May,3,1,0,0
1,N2,ev,25,82,4,30-May,M,25-May,5,1,0,0
1,N2,ev,25,82,5,30-May,M,25-May,5,1,0,0
1,N2,ev,25,82,6,10-Jun,D,25-May,16,1,0,0
1,N2,ev,25,82,7,10-Jun,D,25-May,16,1,0,0
1,N2,ev,25,82,8,10-Jun,D,25-May,16,1,0,0
1,N2,ev,25,82,9,12-Jun,D,25-May,18,1,0,0
1,N2,ev,25,82,10,12-Jun,D,25-May,18,1,0,0
1,SKN,daf,25,83,1,27-May,M,25-May,2,1,0,0
1,SKN,daf,25,83,2,28-May,M,25-May,3,1,0,0
1,SKN,daf,25,83,3,30-May,M,25-May,5,1,0,0
1,SKN,daf,25,83,4,11-Jun,D,25-May,17,1,0,0
1,SKN,daf,25,83,5,13-Jun,D,25-May,19,1,0,0
1,SKN,daf,25,83,6,15-Jun,D,25-May,21,1,0,0
1,SKN,daf,25,83,7,15-Jun,D,25-May,21,1,0,0
1,SKN,daf,25,83,8,16-Jun,D,25-May,22,1,0,0
1,SKN,daf,25,83,9,16-Jun,D,25-May,22,1,0,0
1,SKN,daf,25,83,10,19-Jun,D,25-May,25,1,0,0
1,N2,ev,25,84,1,27-May,M,25-May,2,1,0,0
1,N2,ev,25,84,2,28-May,E,25-May,3,0,1,0
1,N2,ev,25,84,3,30-May,M,25-May,5,1,0,0
1,N2,ev,25,84,4,30-May,M,25-May,5,1,0,0
1,N2,ev,25,84,5,31-May,M,25-May,6,1,0,0
1,N2,ev,25,84,6,08-Jun,D,25-May,14,1,0,0
1,N2,ev,25,84,7,10-Jun,D,25-May,16,1,0,0
1,N2,ev,25,84,8,13-Jun,D,25-May,19,1,0,0
1,N2,ev,25,84,9,13-Jun,D,25-May,19,1,0,0
1,SKN,ev,25,85,1,27-May,M,25-May,2,1,0,0
1,SKN,ev,25,85,2,28-May,M,25-May,3,1,0,0
1,SKN,ev,25,85,3,29-May,M,25-May,4,1,0,0
1,SKN,ev,25,85,4,30-May,M,25-May,5,1,0,0
1,SKN,ev,25,85,5,05-Jun,E,25-May,11,0,1,0
1,SKN,ev,25,85,6,08-Jun,D,25-May,14,1,0,0
1,SKN,ev,25,85,7,08-Jun,D,25-May,14,1,0,0
1,SKN,ev,25,85,8,13-Jun,D,25-May,19,1,0,0
1,SKN,ev,25,85,9,14-Jun,D,25-May,20,1,0,0
1,SKN,ev,25,85,10,15-Jun,D,25-May,21,1,0,0
1,SKN,ev,25,86,1,27-May,M,25-May,2,1,0,0
1,SKN,ev,25,86,2,27-May,M,25-May,2,1,0,0
1,SKN,ev,25,86,3,28-May,M,25-May,3,1,0,0
1,SKN,ev,25,86,4,31-May,W,25-May,6,0,0,0
1,SKN,ev,25,86,5,10-Jun,D,25-May,16,1,0,0
1,SKN,ev,25,86,6,12-Jun,D,25-May,18,1,0,0
1,SKN,ev,25,86,7,13-Jun,D,25-May,19,1,0,0
1,SKN,ev,25,86,8,14-Jun,D,25-May,20,1,0,0
1,SKN,ev,25,86,9,14-Jun,D,25-May,20,1,0,0
1,SKN,daf,25,87,1,27-May,M,25-May,2,1,0,0
1,SKN,daf,25,87,2,28-May,M,25-May,3,1,0,0
1,SKN,daf,25,87,3,29-May,M,25-May,4,1,0,0
1,SKN,daf,25,87,4,07-Jun,D,25-May,13,1,0,0
1,SKN,daf,25,87,5,08-Jun,D,25-May,14,1,0,0
1,SKN,daf,25,87,6,10-Jun,D,25-May,16,1,0,0
1,SKN,daf,25,87,7,10-Jun,D,25-May,16,1,0,0
1,SKN,daf,25,87,8,10-Jun,D,25-May,16,1,0,0
1,SKN,daf,25,87,9,13-Jun,D,25-May,19,1,0,0
1,N2,daf,25,88,1,28-May,M,25-May,3,1,0,0
1,N2,daf,25,88,2,28-May,M,25-May,3,1,0,0
1,N2,daf,25,88,3,30-May,M,25-May,5,1,0,0
1,N2,daf,25,88,4,30-May,M,25-May,5,1,0,0
1,N2,daf,25,88,5,03-Jun,E,25-May,9,0,1,0
1,N2,daf,25,88,6,06-Jun,D,25-May,12,1,0,0
1,N2,daf,25,88,7,10-Jun,D,25-May,16,1,0,1
1,N2,daf,25,88,8,13-Jun,D,25-May,19,1,0,1
1,N2,daf,25,88,9,14-Jun,D,25-May,20,1,0,1
1,N2,daf,25,88,10,14-Jun,D,25-May,20,1,0,1
1,N2,daf,25,89,1,27-May,M,25-May,2,1,0,0
1,N2,daf,25,89,2,27-May,M,25-May,2,1,0,0
1,N2,daf,25,89,3,30-May,M,25-May,5,1,0,0
1,N2,daf,25,89,4,07-Jun,D,25-May,13,1,0,0
1,N2,daf,25,89,5,08-Jun,D,25-May,14,1,0,1
1,N2,daf,25,89,6,09-Jun,D,25-May,15,1,0,0
1,N2,daf,25,89,7,11-Jun,D,25-May,17,1,0,0
1,N2,daf,25,89,8,12-Jun,D,25-May,18,1,0,0
1,N2,daf,25,89,9,13-Jun,D,25-May,19,1,0,0
1,N2,daf,25,90,1,29-May,M,25-May,4,1,0,0
1,N2,daf,25,90,2,30-May,M,25-May,5,1,0,0
1,N2,daf,25,90,3,10-Jun,D,25-May,16,1,0,0
1,N2,daf,25,90,4,11-Jun,D,25-May,17,1,0,0
1,N2,daf,25,90,5,13-Jun,D,25-May,19,1,0,0
1,N2,daf,25,90,6,13-Jun,D,25-May,19,1,0,0
1,N2,daf,25,90,7,14-Jun,D,25-May,20,1,0,1
1,N2,daf,25,90,8,14-Jun,D,25-May,20,1,0,1
1,N2,daf,25,90,9,14-Jun,D,25-May,20,1,0,0
1,N2,daf,25,90,10,15-Jun,D,25-May,21,1,0,1
1,SKN,daf,25F,91,1,29-May,M,26-May,3,1,0,0
1,SKN,daf,25F,91,2,01-Jun,M,26-May,6,1,0,0
1,SKN,daf,25F,91,3,03-Jun,D,26-May,8,1,0,0
1,SKN,daf,25F,91,4,08-Jun,D,26-May,13,1,0,0
1,SKN,daf,25F,91,5,10-Jun,D,26-May,15,1,0,0
1,SKN,daf,25F,91,6,13-Jun,D,26-May,18,1,0,1
1,SKN,daf,25F,91,7,14-Jun,D,26-May,19,1,0,1
1,SKN,daf,25F,91,8,15-Jun,D,26-May,20,1,0,1
1,SKN,daf,25F,91,9,16-Jun,D,26-May,21,1,0,1
1,SKN,daf,25F,92,1,28-May,W,26-May,2,0,0,0
1,SKN,daf,25F,92,2,30-May,M,26-May,4,1,0,0
1,SKN,daf,25F,92,3,09-Jun,D,26-May,14,1,0,0
1,SKN,daf,25F,92,4,11-Jun,D,26-May,16,1,0,0
1,SKN,daf,25F,92,5,16-Jun,D,26-May,21,1,0,1
1,SKN,daf,25F,92,6,16-Jun,D,26-May,21,1,0,0
1,SKN,daf,25F,92,7,16-Jun,D,26-May,21,1,0,0
1,SKN,daf,25F,92,8,17-Jun,D,26-May,22,1,0,0
1,SKN,daf,25F,93,1,30-May,M,26-May,4,1,0,0
1,SKN,daf,25F,93,2,09-Jun,D,26-May,14,1,0,0
1,SKN,daf,25F,93,3,12-Jun,D,26-May,17,1,0,0
1,SKN,daf,25F,93,4,13-Jun,D,26-May,18,1,0,0
1,SKN,daf,25F,93,5,14-Jun,D,26-May,19,1,0,1
1,SKN,daf,25F,93,6,14-Jun,D,26-May,19,1,0,1
1,SKN,daf,25F,93,7,14-Jun,D,26-May,19,1,0,1
1,SKN,daf,25F,93,8,17-Jun,D,26-May,22,1,0,0
1,SKN,daf,25,94,1,27-May,M,25-May,2,1,0,0
1,SKN,daf,25,94,2,29-May,M,25-May,4,1,0,0
1,SKN,daf,25,94,3,29-May,M,25-May,4,1,0,0
1,SKN,daf,25,94,4,31-May,M,25-May,6,1,0,0
1,SKN,daf,25,94,5,02-Jun,E,25-May,8,0,1,0
1,SKN,daf,25,94,6,09-Jun,D,25-May,15,1,0,0
1,SKN,daf,25,94,7,09-Jun,D,25-May,15,1,0,0
1,SKN,daf,25,94,8,14-Jun,D,25-May,20,1,0,0
1,SKN,daf,25,94,9,14-Jun,D,25-May,20,1,0,0
1,N2,ev,25,95,1,27-May,M,25-May,2,1,0,0
1,N2,ev,25,95,2,27-May,M,25-May,2,1,0,0
1,N2,ev,25,95,3,28-May,M,25-May,3,1,0,0
1,N2,ev,25,95,4,30-May,M,25-May,5,1,0,0
1,N2,ev,25,95,5,30-May,M,25-May,5,1,0,0
1,N2,ev,25,95,6,10-Jun,D,25-May,16,1,0,0
1,N2,ev,25,95,7,10-Jun,D,25-May,16,1,0,0
1,N2,ev,25,95,8,13-Jun,D,25-May,19,1,0,0
1,N2,ev,25,95,9,13-Jun,D,25-May,19,1,0,0
1,N2,ev,25,95,10,13-Jun,D,25-May,19,1,0,0
1,SKN,ev,25,96,1,28-May,M,25-May,3,1,0,0
1,SKN,ev,25,96,2,28-May,M,25-May,3,1,0,0
1,SKN,ev,25,96,3,28-May,M,25-May,3,1,0,0
1,SKN,ev,25,96,4,29-May,M,25-May,4,1,0,0
1,SKN,ev,25,96,5,05-Jun,D,25-May,11,1,0,0
1,SKN,ev,25,96,6,08-Jun,D,25-May,14,1,0,0
1,SKN,ev,25,96,7,11-Jun,D,25-May,17,1,0,0
1,SKN,ev,25,96,8,12-Jun,D,25-May,18,1,0,1
1,SKN,ev,25,96,9,12-Jun,D,25-May,18,1,0,1
1,SKN,ev,25,96,10,13-Jun,D,25-May,19,1,0,0
1,SKN,daf,25F,97,1,27-May,M,26-May,1,1,0,0
1,SKN,daf,25F,97,2,07-Jun,D,26-May,12,1,0,0
1,SKN,daf,25F,97,3,12-Jun,D,26-May,17,1,0,0
1,SKN,daf,25F,97,4,13-Jun,D,26-May,18,1,0,0
1,SKN,daf,25F,97,5,14-Jun,D,26-May,19,1,0,0
1,SKN,daf,25F,97,6,16-Jun,D,26-May,21,1,0,0
1,SKN,daf,25F,97,7,18-Jun,D,26-May,23,1,0,0
1,SKN,daf,25,98,1,27-May,M,25-May,2,1,0,0
1,SKN,daf,25,98,2,28-May,M,25-May,3,1,0,0
1,SKN,daf,25,98,3,29-May,M,25-May,4,1,0,0
1,SKN,daf,25,98,4,30-May,M,25-May,5,1,0,0
1,SKN,daf,25,98,5,04-Jun,D,25-May,10,1,0,0
1,SKN,daf,25,98,6,13-Jun,D,25-May,19,1,0,0
1,SKN,daf,25,98,7,16-Jun,D,25-May,22,1,0,0
1,SKN,daf,25,98,8,16-Jun,D,25-May,22,1,0,0
1,SKN,daf,25,98,9,16-Jun,D,25-May,22,1,0,0
1,SKN,daf,25,98,10,18-Jun,D,25-May,24,1,0,0
1,SKN,daf,25F,99,1,27-May,L,26-May,1,0,0,0
1,SKN,daf,25F,99,2,29-May,M,26-May,3,1,0,0
1,SKN,daf,25F,99,3,29-May,M,26-May,3,1,0,0
1,SKN,daf,25F,99,4,29-May,M,26-May,3,1,0,0
1,SKN,daf,25F,99,5,09-Jun,D,26-May,14,1,0,0
1,SKN,daf,25F,99,6,13-Jun,D,26-May,18,1,0,0
1,SKN,daf,25F,99,7,14-Jun,D,26-May,19,1,0,0
1,SKN,daf,25F,99,8,16-Jun,D,26-May,21,1,0,0
1,SKN,daf,25F,99,9,18-Jun,D,26-May,23,1,0,0
1,SKN,daf,25F,99,10,21-Jun,D,26-May,26,1,0,0
1,SKN,daf,25,100,1,27-May,M,25-May,2,1,0,0
1,SKN,daf,25,100,2,28-May,M,25-May,3,1,0,0
1,SKN,daf,25,100,3,29-May,M,25-May,4,1,0,0
1,SKN,daf,25,100,4,29-May,M,25-May,4,1,0,0
1,SKN,daf,25,100,5,30-May,M,25-May,5,1,0,0
1,SKN,daf,25,100,6,31-May,M,25-May,6,1,0,0
1,SKN,daf,25,100,7,31-May,M,25-May,6,1,0,0
1,SKN,daf,25,100,8,01-Jun,D,25-May,7,1,0,0
1,SKN,daf,25,100,9,08-Jun,D,25-May,14,1,0,0
1,SKN,daf,25,100,10,18-Jun,D,25-May,24,1,0,1
